,category,src,news
0,籃球,,「我不是洋將、我是臺灣人」──放棄美國籍、在臺落地生根逾 7 年，籃球明星戴維斯的故事 ｜ 世界看臺灣 《換》人說說看／換日線編輯部 ｜ 換日線 Crossing
1,健身,The News Lens 關鍵評論網,跑到一半突然腹部好痛：「運動岔氣」是怎麼回事？ - The News Lens 關鍵評論網
2,棒球,The News Lens 關鍵評論網,春訓被電又怎樣？談職棒春訓和秋訓目的 - The News Lens 關鍵評論網
3,籃球,fanpiece,LeBron James 連番爆扣得分，生涯總得分突破 34000 大關 | 籃球場 | 籃球地帶 - fanpiece
4,足球,fanpiece,疫情令港隊可以「等埋」費七 | 守拙 | 球迷世界 - fanpiece
5,籃球,fanpiece,被懷疑染上「武漢肺炎」Trae Young這樣回應 | 男籃天空高掛我的夢 | 籃球地帶 - fanpiece
6,戶外路跑,,【知識】穿 Nike Vaporfly 跑步真的比較省力嗎? ｜ 運動筆記
7,足球,fanpiece,柏度比韋利安更值得一紙合約 | 評球品足小球僮 | 球迷世界 - fanpiece
8,籃球,fanpiece,傳得再高再差沒在怕！Zion Williamson依舊完成高難度「打板」空接！ | 男籃天空高掛我的夢 | 籃球地帶 - fanpiece
9,足球,fanpiece,哈利威爾遜  來季或代替拉蘭拿位置 | YNWA | 球迷世界 - fanpiece
10,籃球,fanpiece,快艇為Joakim Noah提供十天合同 將在下週加入球隊 | 男籃天空高掛我的夢 | 籃球地帶 - fanpiece
11,高爾夫,高爾夫文摘,瓦臣短打祕笈 - 高爾夫文摘
12,健身,運動星球 sportsplanetmag,Louise Green談每個人如何成為運動員 | 運動星球 sportsplanetmag
13,籃球,運動視界 Sports Vision,圖表解析NBA-逐漸消失於聯盟中的進攻籃板 - NBA - 籃球 | 運動視界 Sports Vision
14,健身,運動星球 sportsplanetmag,Louise Green談每個人如何成為運動員 | 運動星球 sportsplanetmag
15,籃球,運動視界 Sports Vision,圖表解析NBA-逐漸消失於聯盟中的進攻籃板 - NBA - 籃球 | 運動視界 Sports Vision
16,網球,FOX體育臺,網球》拚臺維斯盃世界組一級 中華網球代表隊聽牌 - 最新體育新聞，即時比分，賽程和戰績 | FOX體育臺
17,籃球,運動視界 Sports Vision,Kawhi Not?本季暴龍值得尊敬的3大原因 - NBA - 籃球 | 運動視界 Sports Vision
18,籃球,Yahoo奇摩運動 — 108學年度HBL男子組決賽戰報。能仁家商,HBL官方網站- Yahoo奇摩運動 — 108學年度HBL男子組決賽戰報。能仁家商
19,籃球,NBA 台灣,洛城雙雄補強角力 快艇簽下兩屆明星中鋒諾亞 | NBA 台灣
20,籃球,運動視界 Sports Vision,108HBL／108學年度HBL決賽賽程 - HBL 高中籃球聯賽 - 籃球 | 運動視界 Sports Vision
21,籃球,NBA 台灣,柯瑞傷癒復出 仍盼為美國隊出征東京奧運 | NBA 台灣
22,籃球,NBA 台灣,客場再戰湖人 布萊德索：做好打硬仗的準備 | NBA 台灣
23,籃球,NBA 台灣,史上第3人！ 詹姆斯達成最年輕34000分紀錄 | NBA 台灣
24,籃球,NBA 台灣,波爾辛吉斯全方位演出 獨行俠終結灰熊3連勝 | NBA 台灣
25,籃球,NBA 台灣,雙十演出助雷霆輕取尼克 保羅客場回應流言 | NBA 台灣
26,網球,FOX體育臺,網球》聯邦盃詹詠然改搭樑恩碩 中華隊1比2不敵印度 - 最新體育新聞，即時比分，賽程和戰績 | FOX體育臺
27,桌球,FOX體育臺,桌球》卡達公開賽激戰7局 莊智淵逆轉晉級8強 - 最新體育新聞，即時比分，賽程和戰績 | FOX體育臺
28,棒球,FOX體育臺,中職》張志強包辦4分打點 兄弟熱身賽5連勝 - 最新體育新聞，即時比分，賽程和戰績 | FOX體育臺
29,籃球,NBA 台灣,雙十演出助雷霆輕取尼克 保羅客場回應流言 | NBA 台灣
30,網球,FOX體育臺,網球》聯邦盃詹詠然改搭樑恩碩 中華隊1比2不敵印度 - 最新體育新聞，即時比分，賽程和戰績 | FOX體育臺
31,桌球,FOX體育臺,桌球》卡達公開賽激戰7局 莊智淵逆轉晉級8強 - 最新體育新聞，即時比分，賽程和戰績 | FOX體育臺
32,棒球,FOX體育臺,中職》張志強包辦4分打點 兄弟熱身賽5連勝 - 最新體育新聞，即時比分，賽程和戰績 | FOX體育臺
33,籃球,NBA 台灣,獨行俠要求重賽遭拒 庫班被罰款50萬美元 | NBA 台灣
34,籃球,NBA 台灣,還差7分！ 詹姆斯瞄準34000分里程碑 | NBA 台灣
35,籃球,NBA 台灣,火箭瘋狂「打鐵」 外線命中率3年來新低 | NBA 台灣
36,籃球,NBA 台灣,雙十演出助雷霆輕取尼克 保羅客場回應流言 | NBA 台灣
37,網球,FOX體育臺,網球》聯邦盃詹詠然改搭樑恩碩 中華隊1比2不敵印度 - 最新體育新聞，即時比分，賽程和戰績 | FOX體育臺
38,桌球,FOX體育臺,桌球》卡達公開賽激戰7局 莊智淵逆轉晉級8強 - 最新體育新聞，即時比分，賽程和戰績 | FOX體育臺
39,棒球,FOX體育臺,中職》張志強包辦4分打點 兄弟熱身賽5連勝 - 最新體育新聞，即時比分，賽程和戰績 | FOX體育臺
40,籃球,NBA 台灣,獨行俠要求重賽遭拒 庫班被罰款50萬美元 | NBA 台灣
41,籃球,NBA 台灣,還差7分！ 詹姆斯瞄準34000分里程碑 | NBA 台灣
42,籃球,NBA 台灣,火箭瘋狂「打鐵」 外線命中率3年來新低 | NBA 台灣
43,足球,創新拿鐵,It's obviously a little frustrating sky sports Andre Dillard Authentic Jersey | 創新拿鐵
44,足球,創新拿鐵,Make like happen do we option banister mlb baseball jerseys | 創新拿鐵
45,足球,創新拿鐵,A reliable defenseman who can even though marsters was winning new nike nfl jerseys | 創新拿鐵
46,足球,創新拿鐵,I think when sports look organization will Nicklas Lidstrom Jersey | 創新拿鐵
47,3C產品,電獺少女,三星可能帶來新款真無線藍牙耳機『 Bean 』將針對運動健身打造 - 電獺少女
48,健身,BabyHome 新知大耳朵,女性必知！每天熱敷腹部半小時，有助子宮循環，提升子宮代謝力 - BabyHome 新知大耳朵
49,棒球,,達比修自曝「咳不停」擔心患武漢肺炎　臨時取消先發
50,籃球,,【運動專欄／HBK】湖人簽下Waiters！他能給湖人帶來什麼？有2項特點是關鍵。
51,足球,運動視界 Sports Vision,【⚽足球—因為「覺悟」而變得更強大的青森山田】 - 足球 | 運動視界 Sports Vision
52,籃球,fanpiece,【千呼萬喚終於等到咖哩回歸！也讓人更期待下一季的勇士王者歸來】 | 04看世界 | 籃球地帶 - fanpiece
53,籃球,運動視界 Sports Vision,2019-20 NBA東南組3/4球季戰報：看完戲，也要自己演 - NBA - 籃球 | 運動視界 Sports Vision
54,籃球,fanpiece,熟悉的Curry！Curry被隊友「傳炸彈」，在對手嚴防下射入大號三分 | 相信過程 | 籃球地帶 - fanpiece
55,足球,fanpiece,食過返尋味，乾地繼續在英超尋寶 | Joke 球天下 | 球迷世界 - fanpiece
56,排球,運動視界 Sports Vision,排球場上最討厭遇到的三種人！ - 排球 | 運動視界 Sports Vision
57,籃球,fanpiece,勇士給予Dragan Bender第二次十日合同來證明自己 | 男籃天空高掛我的夢 | 籃球地帶 - fanpiece
58,棒球,運動視界 Sports Vision,憶當年那個有「張老英雄」的辦公室 - 棒球 | 運動視界 Sports Vision
59,籃球,運動視界 Sports Vision,詹皇老幫手選擇題  湖人選Waiters捨JR - NBA - 籃球 | 運動視界 Sports Vision
60,籃球,fanpiece,大師兄歸位！Stephen Curry傷癒復出後交出漂亮後手助攻！ | 男籃天空高掛我的夢 | 籃球地帶 - fanpiece
61,足球,fanpiece,一個業餘球員 尚未夢碎的德甲夢 | 就是足球 | 球迷世界 - fanpiece
62,足球,運動視界 Sports Vision,【⚽足球—因為「覺悟」而變得更強大的青森山田】 - 足球 | 運動視界 Sports Vision
63,籃球,fanpiece,【千呼萬喚終於等到咖哩回歸！也讓人更期待下一季的勇士王者歸來】 | 04看世界 | 籃球地帶 - fanpiece
64,籃球,運動視界 Sports Vision,2019-20 NBA東南組3/4球季戰報：看完戲，也要自己演 - NBA - 籃球 | 運動視界 Sports Vision
65,籃球,fanpiece,熟悉的Curry！Curry被隊友「傳炸彈」，在對手嚴防下射入大號三分 | 相信過程 | 籃球地帶 - fanpiece
66,足球,fanpiece,食過返尋味，乾地繼續在英超尋寶 | Joke 球天下 | 球迷世界 - fanpiece
67,排球,運動視界 Sports Vision,排球場上最討厭遇到的三種人！ - 排球 | 運動視界 Sports Vision
68,籃球,fanpiece,勇士給予Dragan Bender第二次十日合同來證明自己 | 男籃天空高掛我的夢 | 籃球地帶 - fanpiece
69,棒球,運動視界 Sports Vision,憶當年那個有「張老英雄」的辦公室 - 棒球 | 運動視界 Sports Vision
70,籃球,運動視界 Sports Vision,詹皇老幫手選擇題  湖人選Waiters捨JR - NBA - 籃球 | 運動視界 Sports Vision
71,籃球,fanpiece,大師兄歸位！Stephen Curry傷癒復出後交出漂亮後手助攻！ | 男籃天空高掛我的夢 | 籃球地帶 - fanpiece
72,足球,fanpiece,一個業餘球員 尚未夢碎的德甲夢 | 就是足球 | 球迷世界 - fanpiece
73,網球,運動視界 Sports Vision,聯邦盃退賽疑雲：謝淑薇與中華網協究竟誰站得住腳？ - 網球 | 運動視界 Sports Vision
74,籃球,fanpiece,Curry復出戰速龍: 希望他們不要對我用Box-and-1防守戰術 ! | 懂個籃 | 籃球地帶 - fanpiece
75,足球,fanpiece,捷維爾價高難求 泰利斯或是可行人選 | 評球品足小球僮 | 球迷世界 - fanpiece
76,籃球,運動視界 Sports Vision,不高的火箭依舊能升空 - 小球陣容SWOT分析 - NBA - 籃球 | 運動視界 Sports Vision
77,籃球,黑特籃球NBA新聞影音圖片分享社區,奇景！35分0籃板0助攻0阻攻0抄截，奇葩數據20年僅有三次，近58天已現兩次！（影） - Haters-黑特籃球NBA新聞影音圖片分享社區
78,籃球,FOX體育臺,NBA》字母哥砍29分 助公鹿擒溜馬保未曾連敗紀錄 - 最新體育新聞，即時比分，賽程和戰績 | FOX體育臺
79,籃球,黑特籃球NBA新聞影音圖片分享社區,詹姆斯和一眉哥，現在究竟誰影響誰？沃格爾終於說出心裡話！ - Haters-黑特籃球NBA新聞影音圖片分享社區
80,籃球,NBA 臺灣,唐西奇生涯第22次大三元 創多項紀錄 | NBA戰況 | NBA 臺灣
81,籃球,黑特籃球NBA新聞影音圖片分享社區,聯盟吸金王！Zion周邊產品銷量近35天聯盟第一，人氣太火為此還苦練簽名！ - Haters-黑特籃球NBA新聞影音圖片分享社區
82,籃球,fanpiece,【Robinson狂轟9記三分彈 熱火隊史新高22記外線射穿魔術】 | 04看世界 | 籃球地帶 - fanpiece
83,籃球,黑特籃球NBA新聞影音圖片分享社區,手握7000萬合同！為了這80萬打不成季後賽，天才榜眼合同年被封殺！ - Haters-黑特籃球NBA新聞影音圖片分享社區
84,籃球,NBA 臺灣,布朗右腿筋拉傷 預估至少缺席一星期 | 傷兵情報 | NBA 臺灣
85,籃球,黑特籃球NBA新聞影音圖片分享社區,【影片】Cuban直接雙手抱頭！胖虎轉身撞飛對手暴扣，重型坦克展現恐怖殺傷力！ - Haters-黑特籃球NBA新聞影音圖片分享社區
86,籃球,黑特籃球NBA新聞影音圖片分享社區,76人擲億元簽Horford內幕曝光：堅信他能在季後賽防死字母哥！ - Haters-黑特籃球NBA新聞影音圖片分享社區
87,籃球,NBA 臺灣,卡佩拉回歸時間推遲 預估兩週後評估傷勢 | 傷兵情報 | NBA 臺灣
88,籃球,黑特籃球NBA新聞影音圖片分享社區,大黑熊歸來！Randolph將加盟BIG 3聯賽，17年NBA生涯累積賺2億美元薪水！ - Haters-黑特籃球NBA新聞影音圖片分享社區
89,籃球,,忍左手傷勢　Doncic大三元破紀錄
90,籃球,黑特籃球NBA新聞影音圖片分享社區,65年差距最懸殊！東區豪強陷一大怪圈，主場14連勝客場9連敗！ - Haters-黑特籃球NBA新聞影音圖片分享社區
91,籃球,黑特籃球NBA新聞影音圖片分享社區,你留意到了嗎？老大意外逝世後，羅斯每場比賽的護臂上，都寫了一個8來悼念Kobe！ - Haters-黑特籃球NBA新聞影音圖片分享社區
92,籃球,黑特籃球NBA新聞影音圖片分享社區,柯瑞：詹姆斯詢問了我的傷勢，掛電話前說了一句話，讓我感到無奈又尷尬！ - Haters-黑特籃球NBA新聞影音圖片分享社區
93,籃球,fanpiece,【Sexton生涯新高41分成空砍 Tatum持續火燙手感領軍擊倒騎士】 | 04看世界 | 籃球地帶 - fanpiece
94,籃球,NBA 臺灣,裏拉德傷癒歸隊 拓荒者4人破20分力壓巫師 | NBA戰況 | NBA 臺灣
95,籃球,黑特籃球NBA新聞影音圖片分享社區,超越Kidd、德佬！東契奇30+17+10刷爆紀錄，兩數據已成隊史第一人！（影） - Haters-黑特籃球NBA新聞影音圖片分享社區
96,籃球,黑特籃球NBA新聞影音圖片分享社區,28年尼克超級粉絲Spike Lee遭球隊封殺，跟尼克隊鬧掰宣佈本賽季棄看！ - Haters-黑特籃球NBA新聞影音圖片分享社區
97,籃球,fanpiece,Stephen Curry確定復出並在推特興奮惡搞 | 男籃天空高掛我的夢 | 籃球地帶 - fanpiece
98,籃球,黑特籃球NBA新聞影音圖片分享社區,三戰狂勝95分！西區青年軍徹底打瘋了，已3連勝提前扼殺爭8懸念？（影） - Haters-黑特籃球NBA新聞影音圖片分享社區
99,籃球,NBA 臺灣,唐西奇、波爾辛吉斯主宰延長賽 獨行俠險勝鵜鶘 | NBA戰況 | NBA 臺灣
100,籃球,黑特籃球NBA新聞影音圖片分享社區,連續13場20+，記錄雖保，胖虎卻遭遇生涯最慘一戰，多次被蓋翻狼狽倒地！（影） - Haters-黑特籃球NBA新聞影音圖片分享社區
101,籃球,NBA 臺灣,飆22記三分球破紀錄 熱火險過魔術迎4連勝 | NBA戰況 | NBA 臺灣
102,籃球,黑特籃球NBA新聞影音圖片分享社區,漸成超巨！Tatum連續5場30+，刷新隊史紀錄，難怪厄文降不住他！（影） - Haters-黑特籃球NBA新聞影音圖片分享社區
103,籃球,NBA 臺灣,灰熊客場連兩戰淨勝39分 聯盟史上首見 | NBA戰況 | NBA 臺灣
104,籃球,黑特籃球NBA新聞影音圖片分享社區,認真的湖人防守有多強？只用了一節就把76人擊潰，布朗教練：這很真實！ - Haters-黑特籃球NBA新聞影音圖片分享社區
105,籃球,fanpiece,又一受害者！Zion Williamson快攻強行撞走Maxi Kleber，再轉身完成爆扣 | 相信過程 | 籃球地帶 - fanpiece
106,籃球,NBA 臺灣,灰熊客場連兩戰淨勝39分 聯盟史上首見 | NBA戰況 | NBA 臺灣
107,籃球,黑特籃球NBA新聞影音圖片分享社區,認真的湖人防守有多強？只用了一節就把76人擊潰，布朗教練：這很真實！ - Haters-黑特籃球NBA新聞影音圖片分享社區
108,籃球,fanpiece,又一受害者！Zion Williamson快攻強行撞走Maxi Kleber，再轉身完成爆扣 | 相信過程 | 籃球地帶 - fanpiece
109,籃球,黑特籃球NBA新聞影音圖片分享社區,僅剩20場比賽，勇士基本無緣季後賽，柯瑞為何還要回歸？只因科爾想弄明白五件事！ - Haters-黑特籃球NBA新聞影音圖片分享社區
110,籃球,fanpiece,Danny Green分享湖人是如何防守Kawhi Leonard | 相信過程 | 籃球地帶 - fanpiece
111,籃球,黑特籃球NBA新聞影音圖片分享社區,【影片】2秒4步7米！歐洲步連過兩人反扣！5慢鏡回放，字母哥極限操作太逆天！ - Haters-黑特籃球NBA新聞影音圖片分享社區
112,籃球,黑特籃球NBA新聞影音圖片分享社區,逝去的Kobe仍在指引湖人！Rondo賽後加練，有誰注意訓練牆上寫著曼巴字眼！ - Haters-黑特籃球NBA新聞影音圖片分享社區
113,籃球,fanpiece,首次對決，Luka Doncic在Zion Williamson面前使出Step-back三分 | 相信過程 | 籃球地帶 - fanpiece
114,籃球,黑特籃球NBA新聞影音圖片分享社區,告別的鐘聲將至！卡特：臨近退役很難過，隊友總提醒我還剩幾場比賽！ - Haters-黑特籃球NBA新聞影音圖片分享社區
115,籃球,黑特籃球NBA新聞影音圖片分享社區,看衰一眉哥！韋德堅信Smart獲最佳防守球員：他讓人回到喬丹時代！ - Haters-黑特籃球NBA新聞影音圖片分享社區
116,籃球,黑特籃球NBA新聞影音圖片分享社區,35歲保羅寶刀不老！一度7連中，遭爭議判罰後最後21秒送致命一傳殺死比賽！（影） - Haters-黑特籃球NBA新聞影音圖片分享社區
117,籃球,黑特籃球NBA新聞影音圖片分享社區,Tatum的母親鼓勵兒子要超越Kobe，Tatum回應：什麼？你顯然不知道Kobe是誰！ - Haters-黑特籃球NBA新聞影音圖片分享社區
118,籃球,fanpiece,原來正選上陣的新秀Kevin Porter Jr.因為忘了穿球衣，被迫轉為板凳，俠客已轉發 | 籃球時刻 | 籃球地帶 - fanpiece
119,籃球,fanpiece,力的表現！字母哥上籃失敗後自行搶回進攻籃底，在四人防守下完成爆扣 | 籃球時刻 | 籃球地帶 - fanpiece
120,籃球,,大戰舊主快艇！Alexander賽前的穿著太引人注目，泰倫盧：我招你惹你了…
121,籃球,,皮本直言詹姆斯與Zion稱兄道弟是懦弱，軟豆替詹皇出頭，這番話讓皮本無言以對！
122,籃球,fanpiece,原來正選上陣的新秀Kevin Porter Jr.因為忘了穿球衣，被迫轉為板凳，俠客已轉發 | 籃球時刻 | 籃球地帶 - fanpiece
123,籃球,fanpiece,力的表現！字母哥上籃失敗後自行搶回進攻籃底，在四人防守下完成爆扣 | 籃球時刻 | 籃球地帶 - fanpiece
124,籃球,,大戰舊主快艇！Alexander賽前的穿著太引人注目，泰倫盧：我招你惹你了…
125,籃球,,皮本直言詹姆斯與Zion稱兄道弟是懦弱，軟豆替詹皇出頭，這番話讓皮本無言以對！
126,籃球,,黑特籃球
127,籃球,,聯盟第一！164分鐘贏74分超湖人快艇五虎，新天賦先發陣容出爐！
128,籃球,,領先17分遭逆轉，魚腩給鄧肯送溫暖！東區瘋狂6隊擺爛，威脅勇士搶狀元！
129,籃球,,女老闆曝光湖人F4解體原因，教練不尊重魔獸比賽，如今卻成爭冠拼圖！
130,籃球,fanpiece,Duncan談執教馬刺首秀：我只是站在那邊亂喊，裝作很懂球的樣子！ | 懂個籃 | 籃球地帶 - fanpiece
131,籃球,,嘴強王者回來了！球爹豪言鵜鶘殺入季后賽黑八湖人，球哥將開啟復仇模式！
132,籃球,,歐尼爾：湖人隊本賽季有70％的機會拿下總冠軍，只有這3支球隊能夠威脅到他們！
133,籃球,,字母哥又突然註銷社交賬號！火箭球迷調侃：我們大獲全勝！
134,籃球,fanpiece,Curry的身手？LeBron James在中場Logo位置直接射入超大號三分 | 籃球時刻 | 籃球地帶 - fanpiece
135,籃球,,名記：詹姆斯參與球隊管理，直接聯繫NBA總裁，推遲洛杉磯德比！
136,籃球,FOX體育臺,籃球》憂武漢肺炎疫情 非洲聯盟延後開打 - 最新體育新聞，即時比分，賽程和戰績 | FOX體育臺
137,籃球,Yahoo奇摩運動 — 108學年度HBL男子組決賽戰報。泰山高中,HBL官方網站- Yahoo奇摩運動 — 108學年度HBL男子組決賽戰報。泰山高中
138,籃球,,有情有義！洛杉磯媒體參觀湖人更衣室，發現詹姆斯衣櫃裡掛著Kobe球衣！
139,籃球,NBA 台灣,亞瑞查警告別再穿襠過人 楊恩：除非我退休不打 | NBA 台灣
140,籃球,運動視界 Sports Vision,「一百分」的那天，Wilt Chamberlain - NBA - 籃球 | 運動視界 Sports Vision
141,籃球,,Curry離開發展聯盟感言：復出更近一步！真核心，提前為下賽季做準備！
142,籃球,NBA 台灣,前輩譽下個大鳥與真理 泰托姆爆發歸功禁區苦工 | NBA 台灣
143,籃球,NBA 台灣,亞瑞查警告別再穿襠過人 楊恩：除非我退休不打 | NBA 台灣
144,籃球,運動視界 Sports Vision,「一百分」的那天，Wilt Chamberlain - NBA - 籃球 | 運動視界 Sports Vision
145,籃球,,Curry離開發展聯盟感言：復出更近一步！真核心，提前為下賽季做準備！
146,籃球,NBA 台灣,前輩譽下個大鳥與真理 泰托姆爆發歸功禁區苦工 | NBA 台灣
147,籃球,,Morris加盟湖人前甘願放棄454萬美元，為圓冠軍夢願只拿老將底薪！
148,籃球,,珍妮巴斯：只要詹姆斯不離開洛杉磯，38歲時他將收穫聯盟最高薪！
149,籃球,,張伯倫47年前紀錄難保了！二輪秀強勢衝擊奇蹟，魔獸因这點可能要無緣！
150,籃球,,身材完勝卡戴珊！歐肥魔獸曾瘋狂追求她，傲人上圍驚豔，34歲仍單身！
151,籃球,NBA 台灣,跟隨哥哥腳步開投三分 洛培茲加入公鹿如魚得水 | NBA 台灣
152,籃球,,後悔沒簽下保羅，他的薪資高達3250萬，表現差到遭受主場球迷狂噓！
153,籃球,,五年後誰最成功？5大新星誰能先獲得MVP，誰的奪冠機會更大？
154,籃球,NBA 台灣,尼克小將命中率傲視群雄 有望破張伯倫歷史紀錄 | NBA 台灣
155,籃球,,首秀18分，億元先生歸來！休戰百天被遺忘，東區三巨頭下季起飛？（影）
156,籃球,NBA 台灣,2月東西區最佳總教練 布丹霍澤、丹東尼獲肯定 | NBA 台灣
157,籃球,,五小狂轟99+31！卻狂輸31個籃板，哈登感到可惜，就差一點創造紀錄！（影）
158,籃球,,瘋狂猜想！19歲的胖虎能否單換35歲的詹皇？前輩給出一致答案！
159,籃球,NBA 台灣,大方指導後輩威廉森 詹皇：這是我的責任 | NBA 台灣
160,籃球,,近11戰8敗馬刺心酸一幕！強如波波維奇都低下頭，主場出現大片空位！（影）
161,籃球,NBA 台灣,單季4度歐冠聯賽月MVP 米羅蒂奇史上首位 | NBA 台灣
162,籃球,,18投僅得13分？字母哥心態崩了，熱火四大名捕誕生，Butler欣慰的笑了！（影）
163,籃球,黑特籃球NBA新聞影音圖片分享社區,心疼塔克！西區前八中鋒塔克最矮，球迷表示：身高不夠，拼搶來湊！ - Haters-黑特籃球NBA新聞影音圖片分享社區
164,籃球,,湖人已完成對Waiters和JR的試訓，倆刺頭同時攤牌：保證接受任何角色！
165,籃球,NBA 台灣,作客南灘僅拿13分踢鐵板 安戴托昆波：任務艱鉅 | NBA 台灣
166,籃球,黑特籃球NBA新聞影音圖片分享社區,雪上加霜！NBA遭受重大打擊，可能被強制暫停？蕭華面臨大難題！ - Haters-黑特籃球NBA新聞影音圖片分享社區
167,籃球,NBA 台灣,詹皇發球違例出糗 俠客烏龍球推特樂轉發 | NBA 台灣
168,籃球,NBA 台灣,作客南灘僅拿13分踢鐵板 安戴托昆波：任務艱鉅 | NBA 台灣
169,籃球,黑特籃球NBA新聞影音圖片分享社區,雪上加霜！NBA遭受重大打擊，可能被強制暫停？蕭華面臨大難題！ - Haters-黑特籃球NBA新聞影音圖片分享社區
170,籃球,NBA 台灣,詹皇發球違例出糗 俠客烏龍球推特樂轉發 | NBA 台灣
171,籃球,,中國男籃又一16歲2米06天才崛起！留洋美國險奪冠，未來有望進NBA？
172,籃球,楊交換球衣，兩人擁抱耳語！,【影片】未來巨星！莫蘭特賽後與特雷-楊交換球衣，兩人擁抱耳語！
173,籃球,NBA 台灣,試訓史密斯與威特斯 傳湖人不急於作出最終決定 | NBA 台灣
174,籃球,運動視界 Sports Vision,兩害相權取其輕！？湖人該選Dion Waiters還是J.R. Smith？ - NBA - 籃球 | 運動視界 Sports Vision
175,籃球,,詹姆斯再也不用擔心流量問題！正式簽約成為移動運營商代言人！
176,籃球,,永遠的好兄弟！庫茲馬社媒發文送別Daniels，詹姆斯評論：這是事實！
177,籃球,NBA 台灣,爵士火力大放送 客場輕取騎士迎連勝 | NBA 台灣
178,籃球,運動視界 Sports Vision,SBL本週末如期開打  防疫考量採「閉門比賽」 - SBL - 籃球 | 運動視界 Sports Vision
179,籃球,,有心氣！莫蘭特一番話透露野心，比起最佳新秀獎，季後賽更重要！
180,籃球,,嚴懲不貸！洩露Kobe墜機現場照警員多達八人，全部將面臨紀律調查和處分！
181,籃球,NBA 台灣,爵士火力大放送 客場輕取騎士迎連勝 | NBA 台灣
182,籃球,運動視界 Sports Vision,SBL本週末如期開打  防疫考量採「閉門比賽」 - SBL - 籃球 | 運動視界 Sports Vision
183,籃球,,有心氣！莫蘭特一番話透露野心，比起最佳新秀獎，季後賽更重要！
184,籃球,,嚴懲不貸！洩露Kobe墜機現場照警員多達八人，全部將面臨紀律調查和處分！
185,籃球,黑特籃球NBA新聞影音圖片分享社區,Waiters試訓湖人表現出色！高層已安排會面，最後一簽仍有變數？ - Haters-黑特籃球NBA新聞影音圖片分享社區
186,籃球,Yahoo奇摩運動 — 108學年度HBL女子組決賽戰報。永仁高中,HBL官方網站- Yahoo奇摩運動 — 108學年度HBL女子組決賽戰報。永仁高中
187,籃球,黑特籃球NBA新聞影音圖片分享社區,六大獎項最新賠率出爐！字母哥已經i提前鎖定MVP？最佳防守獎競爭激烈！ - Haters-黑特籃球NBA新聞影音圖片分享社區
188,籃球,運動視界 Sports Vision,KIA新秀週報（02/27）: Coby White手感「牛」得像大學長Michael Jordan！ - NBA - 籃球 | 運動視界 Sports Vision
189,籃球,,「我不是洋將、我是臺灣人」──放棄美國籍、在臺落地生根逾 7 年，籃球明星戴維斯的故事 ｜ 世界看臺灣 《換》人說說看／換日線編輯部 ｜ 換日線 Crossing
190,健身,經理人八分生活 80%LIFE,在家「微」健身 - 全身線條雕塑！6 種動作，幫你練就勻稱雙腿、翹臀與水蛇腰 | 經理人八分生活 80%LIFE
191,籃球,經理人,隊友憶 Kobe Bryant 的帶人學：領導者要做的，是傳遞自己對勝利的渴望！ | 經理人
192,籃球,黑特籃球NBA新聞影音圖片分享社區,時隔127天重返賽場！柯瑞空砍23+7+7，打四分+高難度壓哨，全場球迷高呼MVP！（影） - Haters-黑特籃球NBA新聞影音圖片分享社區
193,籃球,黑特籃球NBA新聞影音圖片分享社區,Curry復出砍23+7+7勇士憾負暴龍，Lowry 25+10，Powell狂砍37分！（影） - Haters-黑特籃球NBA新聞影音圖片分享社區
194,籃球,黑特籃球NBA新聞影音圖片分享社區,美媒建議用墻哥交易Horford！看起來很荒誕，卻戳中了巫師和76人的痛點！ - Haters-黑特籃球NBA新聞影音圖片分享社區
195,籃球,黑特籃球NBA新聞影音圖片分享社區,本賽季誰防字母哥效果最好？數據揭曉五大悍將，湖人新援也上榜！ - Haters-黑特籃球NBA新聞影音圖片分享社區
196,籃球,黑特籃球NBA新聞影音圖片分享社區,半場11分！柯瑞歸來秀高難度壓哨3分+雜耍進球，引爆勇士主場熱情！（影） - Haters-黑特籃球NBA新聞影音圖片分享社區
197,籃球,黑特籃球NBA新聞影音圖片分享社區,狂送51次助攻激活狀元！胖虎大爆發得感謝他，未來雙子星互相成就？ - Haters-黑特籃球NBA新聞影音圖片分享社區
198,籃球,黑特籃球NBA新聞影音圖片分享社區,【影片】來了來了！柯瑞三分線外一步接球手起刀落，命中復出後第一個三分！ - Haters-黑特籃球NBA新聞影音圖片分享社區
199,籃球,黑特籃球NBA新聞影音圖片分享社區,2K20官方更新球員能力值：Zion漲了2點升至86，Tatum升至88！ - Haters-黑特籃球NBA新聞影音圖片分享社區
200,籃球,黑特籃球NBA新聞影音圖片分享社區,狂送51次助攻激活狀元！胖虎大爆發得感謝他，未來雙子星互相成就？ - Haters-黑特籃球NBA新聞影音圖片分享社區
201,籃球,黑特籃球NBA新聞影音圖片分享社區,【影片】來了來了！柯瑞三分線外一步接球手起刀落，命中復出後第一個三分！ - Haters-黑特籃球NBA新聞影音圖片分享社區
202,籃球,黑特籃球NBA新聞影音圖片分享社區,2K20官方更新球員能力值：Zion漲了2點升至86，Tatum升至88！ - Haters-黑特籃球NBA新聞影音圖片分享社區
203,籃球,黑特籃球NBA新聞影音圖片分享社區,【影片】復出首球！Curry造McCaw犯規打進高難度打板2+1！ - Haters-黑特籃球NBA新聞影音圖片分享社區
204,籃球,黑特籃球NBA新聞影音圖片分享社區,Rondo教練實錘！湖人拍全家福，Rondo一開始竟穿著教練服出鏡… - Haters-黑特籃球NBA新聞影音圖片分享社區
205,籃球,黑特籃球NBA新聞影音圖片分享社區,讓人感到唏噓！勇士去年總冠軍賽15人大名單，如今只剩下柯瑞一人出戰暴龍！ - Haters-黑特籃球NBA新聞影音圖片分享社區
206,籃球,黑特籃球NBA新聞影音圖片分享社區,Leonard輕取25分快艇大勝火箭獲6連勝！威少29+15哈登17投僅中4！（影） - Haters-黑特籃球NBA新聞影音圖片分享社區
207,籃球,黑特籃球NBA新聞影音圖片分享社區,一夜3消息！28歲刺頭簽約湖人，聰明哥辱罵裁判遭罰款，勇士與4號秀簽第二份合同！ - Haters-黑特籃球NBA新聞影音圖片分享社區
208,籃球,黑特籃球NBA新聞影音圖片分享社區,詹姆斯談例行賽MVP爭奪戰：人們誤解了字母哥的偉大，公鹿非常團結！ - Haters-黑特籃球NBA新聞影音圖片分享社區
209,籃球,黑特籃球NBA新聞影音圖片分享社區,狂送51次助攻激活狀元！胖虎大爆發得感謝他，未來雙子星互相成就？ - Haters-黑特籃球NBA新聞影音圖片分享社區
210,籃球,黑特籃球NBA新聞影音圖片分享社區,【影片】來了來了！柯瑞三分線外一步接球手起刀落，命中復出後第一個三分！ - Haters-黑特籃球NBA新聞影音圖片分享社區
211,籃球,黑特籃球NBA新聞影音圖片分享社區,2K20官方更新球員能力值：Zion漲了2點升至86，Tatum升至88！ - Haters-黑特籃球NBA新聞影音圖片分享社區
212,籃球,黑特籃球NBA新聞影音圖片分享社區,【影片】復出首球！Curry造McCaw犯規打進高難度打板2+1！ - Haters-黑特籃球NBA新聞影音圖片分享社區
213,籃球,黑特籃球NBA新聞影音圖片分享社區,Rondo教練實錘！湖人拍全家福，Rondo一開始竟穿著教練服出鏡… - Haters-黑特籃球NBA新聞影音圖片分享社區
214,籃球,黑特籃球NBA新聞影音圖片分享社區,讓人感到唏噓！勇士去年總冠軍賽15人大名單，如今只剩下柯瑞一人出戰暴龍！ - Haters-黑特籃球NBA新聞影音圖片分享社區
215,籃球,黑特籃球NBA新聞影音圖片分享社區,Leonard輕取25分快艇大勝火箭獲6連勝！威少29+15哈登17投僅中4！（影） - Haters-黑特籃球NBA新聞影音圖片分享社區
216,籃球,黑特籃球NBA新聞影音圖片分享社區,一夜3消息！28歲刺頭簽約湖人，聰明哥辱罵裁判遭罰款，勇士與4號秀簽第二份合同！ - Haters-黑特籃球NBA新聞影音圖片分享社區
217,籃球,黑特籃球NBA新聞影音圖片分享社區,詹姆斯談例行賽MVP爭奪戰：人們誤解了字母哥的偉大，公鹿非常團結！ - Haters-黑特籃球NBA新聞影音圖片分享社區
218,籃球,黑特籃球NBA新聞影音圖片分享社區,大鳥Bird沒有天賦？這恐怕是NBA史上最大的誤解！來好好認識下他吧！ - Haters-黑特籃球NBA新聞影音圖片分享社區
219,籃球,黑特籃球NBA新聞影音圖片分享社區,沒暫停了怎麼辦？看看這幾位教練如何騙暫停，基德灑水堪稱鬼才！ - Haters-黑特籃球NBA新聞影音圖片分享社區
220,籃球,黑特籃球NBA新聞影音圖片分享社區,不「短路」的JR有多神？空中360度過掉鄧肯，喬丹都沒成功做過這種動作！ - Haters-黑特籃球NBA新聞影音圖片分享社區
221,籃球,fanpiece,勇士目前或不打算為Dragan Bender提供第二份10天合同 | 勇.往直前 Strength in Number | 籃球地帶 - fanpiece
222,籃球,NBA 臺灣,連連飆分預約未來 公牛19歲菜鳥冒出頭 | 周汶昊 | NBA 臺灣
223,籃球,NBA 臺灣,假象的攻勢 獨行俠的「鬼魂」進攻 | Thousand | NBA 臺灣
224,籃球,fanpiece,Luka Doncic 不足兩個賽季寫下職業生涯第22次大三元紀錄 | 籃球隨筆 | 籃球地帶 - fanpiece
225,籃球,NBA 臺灣,感嘆艾德裏奇轉戰馬刺 裏拉德：否則早就奪冠 | NBA戰況 | NBA 臺灣
226,籃球,fanpiece,Goran Dragic 超越閃電俠 Wade 一項三分球紀錄！ | 籃球隨筆 | 籃球地帶 - fanpiece
227,籃球,聯合新聞網,UBA／世新打下龍頭 羅家姊妹4強對決老隊友 | 籃球 | 運動 | 聯合新聞網
228,籃球,NBA 臺灣,缺陣58場即將回歸 柯瑞大喊「終於」 | NBA戰況 | NBA 臺灣
229,籃球,fanpiece,【神控球】Luka Doncic節奏式控球冰封Holiday！ | NBA賽場 | 籃球地帶 - fanpiece
230,籃球,fanpiece,【咖哩迷通通看過來！Curry確定將在明日主場戰暴龍復出】 | 04看世界 | 籃球地帶 - fanpiece
231,籃球,fanpiece,單場6三分繳21+3+4！在Stephen Curry復出前夕，Seth Curry持續挑戰最好的自己 | 籃球次元Basketball Dimension | 籃球地帶 - fanpiece
232,籃球,NBA 臺灣,尼克糾紛不斷 歐克利怒批老闆多蘭是控制狂 | NBA戰況 | NBA 臺灣
233,籃球,fanpiece,【咖哩迷通通看過來！Curry確定將在明日主場戰暴龍復出】 | 04看世界 | 籃球地帶 - fanpiece
234,籃球,fanpiece,單場6三分繳21+3+4！在Stephen Curry復出前夕，Seth Curry持續挑戰最好的自己 | 籃球次元Basketball Dimension | 籃球地帶 - fanpiece
235,籃球,NBA 臺灣,尼克糾紛不斷 歐克利怒批老闆多蘭是控制狂 | NBA戰況 | NBA 臺灣
236,籃球,黑特籃球NBA新聞影音圖片分享社區,詹姆斯著迷半場跳投？賽後的回應令人敬佩，他早以超越天賦，一直都在進步！（影） - Haters-黑特籃球NBA新聞影音圖片分享社區
237,籃球,fanpiece,Tatum媽分享兒子對老大的憧憬: 他不想超越Kobe，他只想成為Kobe ! | 懂個籃 | 籃球地帶 - fanpiece
238,籃球,黑特籃球NBA新聞影音圖片分享社區,有傷又如何？保羅點出雷霆最大優勢：落後就是領先，並向快艇攤牌！ - Haters-黑特籃球NBA新聞影音圖片分享社區
239,籃球,,決戰湖人前　公鹿重回正軌
240,籃球,,Robinson三分球持續狂飆　熱火射破隊史紀錄
241,籃球,黑特籃球NBA新聞影音圖片分享社區,NBA傷情更新！厄文接受手術賽季報銷，羅斯腳踝扭傷至少缺陣2週！ - Haters-黑特籃球NBA新聞影音圖片分享社區
242,籃球,fanpiece,【咖哩迷通通看過來！Curry確定將在明日主場戰暴龍復出】 | 04看世界 | 籃球地帶 - fanpiece
243,籃球,fanpiece,單場6三分繳21+3+4！在Stephen Curry復出前夕，Seth Curry持續挑戰最好的自己 | 籃球次元Basketball Dimension | 籃球地帶 - fanpiece
244,籃球,NBA 臺灣,尼克糾紛不斷 歐克利怒批老闆多蘭是控制狂 | NBA戰況 | NBA 臺灣
245,籃球,黑特籃球NBA新聞影音圖片分享社區,詹姆斯著迷半場跳投？賽後的回應令人敬佩，他早以超越天賦，一直都在進步！（影） - Haters-黑特籃球NBA新聞影音圖片分享社區
246,籃球,fanpiece,Tatum媽分享兒子對老大的憧憬: 他不想超越Kobe，他只想成為Kobe ! | 懂個籃 | 籃球地帶 - fanpiece
247,籃球,黑特籃球NBA新聞影音圖片分享社區,有傷又如何？保羅點出雷霆最大優勢：落後就是領先，並向快艇攤牌！ - Haters-黑特籃球NBA新聞影音圖片分享社區
248,籃球,,決戰湖人前　公鹿重回正軌
249,籃球,,Robinson三分球持續狂飆　熱火射破隊史紀錄
250,籃球,黑特籃球NBA新聞影音圖片分享社區,NBA傷情更新！厄文接受手術賽季報銷，羅斯腳踝扭傷至少缺陣2週！ - Haters-黑特籃球NBA新聞影音圖片分享社區
251,健身,早安健康,讓你不腰痛的鍛鍊法！3個動作伸展腰臀腿恢復腰部柔軟度 |早安健康
252,籃球,,NBA2K20：生涯模式難度太高？學會這幾點，職業生涯似喬丹！
253,棒球,運動視界 Sports Vision,2020/3/5 大聯盟球員消息 — 天使隊右投手Canning將會尋求第二意見 - MLB - 棒球 | 運動視界 Sports Vision
254,籃球,,熱火已將答案公佈，湖人再戰公鹿有幾成勝算？詹姆斯將再創里程碑！
255,籃球,運動視界 Sports Vision,四個月又5天的等待：Stephen Curry傷癒復出 - NBA - 籃球 | 運動視界 Sports Vision
256,籃球,,鹹魚翻身！「獨曼巴」近期場均30+3+4，Love也被打服：他努力程度堪比詹皇
257,籃球,FOX體育臺,東南亞職籃》武漢肺炎影響 富邦勇士兩主場賽事閉門打 - 最新體育新聞，即時比分，賽程和戰績 | FOX體育臺
258,籃球,,一夜被打回原形，火箭最大漏洞曝光！拆東牆補西牆雙MVP夢碎？
259,棒球,FOX體育臺,中職》拍攝防疫宣導影片 呼籲保持手部衛生 - 最新體育新聞，即時比分，賽程和戰績 | FOX體育臺
260,籃球,,巔峰歐尼爾最不想和誰對陣？大鯊魚：最不想遇見馬刺隊和鄧肯！
261,籃球,FOX體育臺,NBA》柯瑞傷癒復出 仍打算為美國出征奧運 - 最新體育新聞，即時比分，賽程和戰績 | FOX體育臺
262,棒球,FOX體育臺,日職》張奕右手肘不適後開始練投 不會感到焦躁 - 最新體育新聞，即時比分，賽程和戰績 | FOX體育臺
263,棒球,FOX體育臺,日職》王柏融扛火腿隊第4棒 4打數敲1支安打 - 最新體育新聞，即時比分，賽程和戰績 | FOX體育臺
264,籃球,,針對大鬍子當作突破點？哈登再懟字母哥：有本事就來試試，看到底有沒有用！
265,籃球,NBA 台灣,影片／單周Shaqtin' A Fool (2020/03/06) | NBA 台灣
266,棒球,FOX體育臺,日職》張奕右手肘不適後開始練投 不會感到焦躁 - 最新體育新聞，即時比分，賽程和戰績 | FOX體育臺
267,棒球,FOX體育臺,日職》王柏融扛火腿隊第4棒 4打數敲1支安打 - 最新體育新聞，即時比分，賽程和戰績 | FOX體育臺
268,籃球,,針對大鬍子當作突破點？哈登再懟字母哥：有本事就來試試，看到底有沒有用！
269,籃球,NBA 台灣,影片／單周Shaqtin' A Fool (2020/03/06) | NBA 台灣
270,籃球,NBA 台灣,嬌妻6年生4胎 海瓦德9月喜迎小兒子 | NBA 台灣
271,網球,風傳媒,網球》謝淑薇和網協紛爭再起　奧運補助、退賽風波到底誰有理？-風傳媒
272,籃球,NBA 台灣,金塊補強外圍火力 接收湖人板凳射手 | NBA 台灣
273,戶外路跑,運動筆記,【每日一問】2013年波士頓馬拉松因為什麼事最後中止比賽？（單選） | 運動筆記
274,棒球,Mobile01,臺 南 善 化 採 風 - 行 善 之 旅 - Mobile01
275,籃球,NBA 台灣,哈里斯28分14籃板 76人終結國王3連勝 | NBA 台灣
276,籃球,NBA 台灣,湖人傳簽下威特斯 柏金斯：另一個哈沃德故事 | NBA 台灣
277,籃球,NBA 台灣,柯瑞傷癒復出半場得11分 上演大號壓哨三分 | NBA 台灣
278,籃球,NBA 台灣,雷納德領軍出擊 快艇輕取火箭笑納6連勝 | NBA 台灣
279,棒球,FOX體育臺,【太平洋聯盟合刊專題】疫情衝擊 日職實施史上首度「無觀眾試合」 - 最新體育新聞，即時比分，賽程和戰績 | FOX體育臺
280,籃球,NBA 台灣,35歲詹皇依然威猛 「希臘怪物」想跟隨 | NBA 台灣
281,網球,FOX體育臺,網球》中華隊聯邦盃3天5戰 楊亞依汲取經驗不喊累 - 最新體育新聞，即時比分，賽程和戰績 | FOX體育臺
282,健身,健身動起來,小哥每天300個伏地挺身，堅持一個月後，身體會有什麼改變？-健身動起來
283,籃球,NBA 台灣,休養4個月終復出 柯瑞：就像開學第一天 | NBA 台灣
284,棒球,FOX體育臺,MLB》江少慶春訓首亮相送2次三振 朱立人替補敲安 - 最新體育新聞，即時比分，賽程和戰績 | FOX體育臺
285,籃球,NBA 台灣,穆雷上演致勝跳投 金塊客場驚險退黃蜂 | NBA 台灣
286,足球,,曼聯闖足總盃8強　教頭：不會重蹈去年覆轍
287,棒球,,江少慶首秀飆2K　吉力吉撈・鞏冠替補敲安
288,足球,,推裁判遭重懲　Martins被禁賽6個月
289,足球,,曼聯闖足總盃8強　教頭：不會重蹈去年覆轍
290,棒球,,江少慶首秀飆2K　吉力吉撈・鞏冠替補敲安
291,足球,,推裁判遭重懲　Martins被禁賽6個月
292,網球,,與大滿貫球星對決　楊亞依直呼值得紀念
293,籃球,Yahoo奇摩運動 — 108學年度HBL女子組決賽戰報。南山高中,HBL官方網站- Yahoo奇摩運動 — 108學年度HBL女子組決賽戰報。南山高中
294,棒球,FOX體育臺,MLB》達比修有出現類流感症狀 住院檢查無礙 - 最新體育新聞，即時比分，賽程和戰績 | FOX體育臺
295,桌球,FOX體育臺,桌球》莊智淵逆轉勝張本智和 卡達公開賽晉級次輪 - 最新體育新聞，即時比分，賽程和戰績 | FOX體育臺
296,網球,FOX體育臺,網球》女單連丟2點 聯邦盃中華隊不敵中國 - 最新體育新聞，即時比分，賽程和戰績 | FOX體育臺
297,棒球,FOX體育臺,中職》陳時中基本上不反對開打 中職：按照規定執行 - 最新體育新聞，即時比分，賽程和戰績 | FOX體育臺
298,棒球,,皮拉提斯、劍道、太極拳　胡智為的非典型訓練思維
299,棒球,,春訓中繼卻提早熱身？ 陳偉殷自有一套規律
300,籃球,,NBA各支球隊名字的由來，每個隊名都有一個含義，勇士意義非凡！
301,足球,fanpiece,利雲度夫斯基接班人降臨 拜仁新星入球效率僅次夏蘭特 | 認真睇波球旗講 | 球迷世界 - fanpiece
302,籃球,,Murray大學時代就成為了人生贏家，Jokic很羨慕：他女友做的三明治很好吃！
303,健身,,運動筆記
304,籃球,,是天使也是魔鬼？庫茲馬防守排名聯盟前三十，總貢獻值卻隊內倒數第一！
305,棒球,運動視界 Sports Vision,中職31年十大看點：衛冕軍桃猿劍指「四連霸」，樂天消費送主場VIP包廂派對 - 中職 - 棒球 | 運動視界 Sports Vision
306,籃球,,Howard揭秘：當年德安東尼以為他戰術能奪冠，現在湖人是聯盟最好球隊！
307,足球,fanpiece,高古：朗尼比任何人都要熟悉曼聯！ | 小球僮新聞報道 | 球迷世界 - fanpiece
308,籃球,運動視界 Sports Vision,歷史上的今天：THE ZONE!1987年Michael Jordan狂飆61分大戰壞孩子軍團 - NBA - 籃球 | 運動視界 Sports Vision
309,籃球,,兩大巨星歸來！籃網預售下賽季套票，杜蘭特成主角，宣傳語霸氣！
310,籃球,運動視界 Sports Vision,運動視界「啪」EP.8－《小鐵開講》臺灣籃球與列強的差異，絕對不是「只」差在洋將而已 - 籃球 | 運動視界 Sports Vision
311,籃球,,倒數第4！Tucker再遭看輕，哈登需警惕兩項數據，1米91悍將做出表態！
312,籃球,,Beverley：不是每個人都能成為Curry或者字母哥，普通人的平均上限就是我！
313,足球,fanpiece,意甲停戰，最開心嘅球隊可能係佢哋.... | 華拉堤踢法似我 | 球迷世界 - fanpiece
314,健身,manfashion這樣變型男,【其實你應該】除了戴口罩健身外，這幾點你也應該要注意！ | manfashion這樣變型男
315,棒球,運動視界 Sports Vision,夢迴吹角連營：既生陽建福，何生潘威倫（下） - 中職 - 棒球 | 運動視界 Sports Vision
316,足球,fanpiece,意甲停戰，最開心嘅球隊可能係佢哋.... | 華拉堤踢法似我 | 球迷世界 - fanpiece
317,健身,manfashion這樣變型男,【其實你應該】除了戴口罩健身外，這幾點你也應該要注意！ | manfashion這樣變型男
318,棒球,運動視界 Sports Vision,夢迴吹角連營：既生陽建福，何生潘威倫（下） - 中職 - 棒球 | 運動視界 Sports Vision
319,籃球,FOX體育臺,HBL》制霸全場！嚴選男子組準決賽最佳5人 - 最新體育新聞，即時比分，賽程和戰績 | FOX體育臺
320,籃球,運動視界 Sports Vision,新一代「Mr.大三元」Luka Doncic延長賽擊敗Zion Williamson，隊史大三元最多、最快 - NBA - 籃球 | 運動視界 Sports Vision
321,籃球,fanpiece,76人：簽下Al Horford全因字母哥！ | 男籃天空高掛我的夢 | 籃球地帶 - fanpiece
322,足球,fanpiece,四名你可能已忘記曾經效力過阿仙奴的球員 | 追蹤阿仙奴 | 球迷世界 - fanpiece
323,籃球,黑特籃球NBA新聞影音圖片分享社區,誰是當今聯盟彈速最快的人？詹姆斯給出答案，非他莫屬了！ - Haters-黑特籃球NBA新聞影音圖片分享社區
324,棒球,運動視界 Sports Vision,焦點新秀遭軟銀「震撼教育」主帥高津臣吾：問題不只是實力、還有精神！ - 日職 - 棒球 | 運動視界 Sports Vision
325,健身,,未來Family
326,籃球,黑特籃球NBA新聞影音圖片分享社區,胖虎恐怖基因從何而來？父親是打橄欖球的，母親是一級跳高運動員！ - Haters-黑特籃球NBA新聞影音圖片分享社區
327,棒球,,UBL》大專棒聯8強10日開打 文化挑戰二度3連霸
328,籃球,fanpiece,【談到MVP競逐】字母哥：「35歲的LeBron James啟發了我！」 | 男籃天空高掛我的夢 | 籃球地帶 - fanpiece
329,籃球,FOX體育臺,NBA》勇士柯瑞宣佈復出 缺席58場後首戰暴龍 - 最新體育新聞，即時比分，賽程和戰績 | FOX體育臺
330,籃球,黑特籃球NBA新聞影音圖片分享社區,胖虎恐怖基因從何而來？父親是打橄欖球的，母親是一級跳高運動員！ - Haters-黑特籃球NBA新聞影音圖片分享社區
331,棒球,,UBL》大專棒聯8強10日開打 文化挑戰二度3連霸
332,籃球,fanpiece,【談到MVP競逐】字母哥：「35歲的LeBron James啟發了我！」 | 男籃天空高掛我的夢 | 籃球地帶 - fanpiece
333,籃球,FOX體育臺,NBA》勇士柯瑞宣佈復出 缺席58場後首戰暴龍 - 最新體育新聞，即時比分，賽程和戰績 | FOX體育臺
334,籃球,FOX體育臺,NBA》字母哥砍29分 助公鹿擒溜馬保未曾連敗紀錄 - 最新體育新聞，即時比分，賽程和戰績 | FOX體育臺
335,足球,fanpiece,【馬德里的另一道風景】 | 足球一家人 | 球迷世界 - fanpiece
336,棒球,運動視界 Sports Vision,八下大局定勝負 桃猿維持不敗金身  - 中職 - 棒球 | 運動視界 Sports Vision
337,網球,運動視界 Sports Vision,聯邦盃》中華娘子軍大啖泡菜，提振士氣明日抗中 - 網球 | 運動視界 Sports Vision
338,棒球,,弟弟將挑戰大聯盟　Cespedes：他是5工具球員
339,足球,fanpiece,肺炎或致英超腰斬？英國高官派定心丸：我全家都係利迷！ | 球旗新聞 | 球迷世界 - fanpiece
340,足球,,利物浦近4戰3敗  Mane：成就冠軍的時刻
341,健身,運動星球 sportsplanetmag,為什麼很多明星這樣吃都瘦，我卻越吃越肥？ | 運動星球 sportsplanetmag
342,棒球,點子科技,大聯盟禁比賽時看影片　Britton：太極端 - Saydigi-Tech | 點子科技
343,棒球,,Kershaw先發飆K封鎖　世仇春訓也槓上
344,足球,fanpiece,簡東拿事件2.0？  戴亞賽後疑拳打球迷 | 守拙 | 球迷世界 - fanpiece
345,足球,fanpiece,【升班懶人包】四大聯賽升班形勢小結 | 華拉堤踢法似我 | 球迷世界 - fanpiece
346,棒球,運動視界 Sports Vision,象羣重砲出擊 七人開轟擊潰統一獅 - 中職 - 棒球 | 運動視界 Sports Vision
347,棒球,FOX體育臺,中職》召開防疫會議 吳志揚：遵守政府規範 - 最新體育新聞，即時比分，賽程和戰績 | FOX體育臺
348,足球,fanpiece,誰人令利記再失分（3） | YNWA | 球迷世界 - fanpiece
349,足球,fanpiece,【升班懶人包】四大聯賽升班形勢小結 | 華拉堤踢法似我 | 球迷世界 - fanpiece
350,棒球,運動視界 Sports Vision,象羣重砲出擊 七人開轟擊潰統一獅 - 中職 - 棒球 | 運動視界 Sports Vision
351,棒球,FOX體育臺,中職》召開防疫會議 吳志揚：遵守政府規範 - 最新體育新聞，即時比分，賽程和戰績 | FOX體育臺
352,足球,fanpiece,誰人令利記再失分（3） | YNWA | 球迷世界 - fanpiece
353,棒球,運動視界 Sports Vision,你的活躍就是最大的補強！2020球季的12名關鍵人物 (洋聯篇) - 日職 - 棒球 | 運動視界 Sports Vision
354,棒球,,歷經三溫暖球季　胡智為靠意志力破關
355,籃球,NBA 臺灣,安戴託昆波全能領軍 公鹿續保未連敗紀錄 | NBA戰況 | NBA 臺灣
356,健身,,【知識】「緊實大腿訓練操」瘦腿更護膝，活化全身燃脂力！ ｜ 運動筆記
357,棒球,運動視界 Sports Vision,你的活躍就是最大的補強！2020球季的12名關鍵人物 (洋聯篇) - 日職 - 棒球 | 運動視界 Sports Vision
358,棒球,,歷經三溫暖球季　胡智為靠意志力破關
359,籃球,NBA 臺灣,安戴託昆波全能領軍 公鹿續保未連敗紀錄 | NBA戰況 | NBA 臺灣
360,健身,,【知識】「緊實大腿訓練操」瘦腿更護膝，活化全身燃脂力！ ｜ 運動筆記
361,籃球,NBA 臺灣,第四節末擺脫活塞糾纏 雷霆驚險止2連敗 | NBA戰況 | NBA 臺灣
362,籃球,運動視界 Sports Vision,Mike Conley 持續迷航，爵士的控衛升級計畫宣告失敗 - NBA - 籃球 | 運動視界 Sports Vision
363,籃球,Mobile01,【海外新訊】Toyota首位AI籃球機器人「CUE4」挑戰三分球大賽！ - Mobile01
364,籃球,黑特籃球NBA新聞影音圖片分享社區,【影片】戲精！詹皇半場命中Logo Shot，一眉McGee格林集體跑回事發地點「檢查機關」！ - Haters-黑特籃球NBA新聞影音圖片分享社區
365,足球,,看好Rooney執教曼聯　Solskjaer：很多人要這工作
366,棒球,FOX體育臺,日職》火腿巨人戰王柏融代打敲安 陽岱鋼二軍等待機會 - 最新體育新聞，即時比分，賽程和戰績 | FOX體育臺
367,籃球,NBA 臺灣,勇士明主場戰暴龍 柯瑞將正式回歸 | 傷兵情報 | NBA 臺灣
368,籃球,FOX體育臺,籃球》武漢肺炎疫情升溫 U16亞青籃賽取消 - 最新體育新聞，即時比分，賽程和戰績 | FOX體育臺
369,籃球,黑特籃球NBA新聞影音圖片分享社區,萌神歸來！Curry宣佈明日對陣暴龍復出，缺席58場比賽後重回球場！ - Haters-黑特籃球NBA新聞影音圖片分享社區
370,棒球,運動視界 Sports Vision,從外野草皮到投手丘，Anthony Gose從春訓再出發 - MLB - 棒球 | 運動視界 Sports Vision
371,籃球,黑特籃球NBA新聞影音圖片分享社區,一眉哥：曾不解詹姆斯為何奪冠後流淚，但我能奪冠也會哭的像他一樣！ - Haters-黑特籃球NBA新聞影音圖片分享社區
372,籃球,NBA 臺灣,戴維斯加盟效應 哈沃德：刺激詹皇更上層樓 | NBA戰況 | NBA 臺灣
373,籃球,黑特籃球NBA新聞影音圖片分享社區,胖虎VS東77！兩大新星將迎來首次交鋒，這是NBA未來的巔峯對決？ - Haters-黑特籃球NBA新聞影音圖片分享社區
374,籃球,黑特籃球NBA新聞影音圖片分享社區,湖人舊將去向已確定！他將簽約紫金軍團勁敵，季後賽有望戰舊主？ - Haters-黑特籃球NBA新聞影音圖片分享社區
375,籃球,NBA 臺灣,勒佛特轟51分代表作 籃網教頭：他接管戰局 | NBA戰況 | NBA 臺灣
376,籃球,黑特籃球NBA新聞影音圖片分享社區,胖虎VS東77！兩大新星將迎來首次交鋒，這是NBA未來的巔峯對決？ - Haters-黑特籃球NBA新聞影音圖片分享社區
377,籃球,黑特籃球NBA新聞影音圖片分享社區,湖人舊將去向已確定！他將簽約紫金軍團勁敵，季後賽有望戰舊主？ - Haters-黑特籃球NBA新聞影音圖片分享社區
378,籃球,NBA 臺灣,勒佛特轟51分代表作 籃網教頭：他接管戰局 | NBA戰況 | NBA 臺灣
379,健身,運動星球 sportsplanetmag,產後肚子息下垂可能不是胖？小心是妳「腹肌分離」 | 運動星球 sportsplanetmag
380,籃球,運動視界 Sports Vision,圖表解析NBA-姓氏、大學以及年齡小知識 - NBA - 籃球 | 運動視界 Sports Vision
381,籃球,黑特籃球NBA新聞影音圖片分享社區,本賽季5大「球盲鑒定器」：看似數據沒什麼亮點，但作用無可替代！ - Haters-黑特籃球NBA新聞影音圖片分享社區
382,健身,運動星球 sportsplanetmag,想要練好臀部，深蹲是唯一選擇？ | 運動星球 sportsplanetmag
383,籃球,,Kobe天賦平平無奇，成功全靠後天努力？看完這些圖片你就知錯了!
384,籃球,,35歲依然處於巔峰，在不知不覺中，詹姆斯都做出了哪些改變？
385,籃球,,35歲了，得分僅排第11！詹姆斯還能拿到MVP嗎？幾率有多大？
386,籃球,fanpiece,Kobe憶述第一次與Jordan交手，「這動作我已經看過數千次，但我依然上當」 | 籃球部落 | 籃球地帶 - fanpiece
387,籃球,,從另一個角度思考，究竟是什麼原因，讓保羅選擇原諒謀殺祖父的凶手？
388,籃球,NBA 台灣,尼克惹惱鐵粉史派克李 昔死敵大嘴米勒勸進倒戈 | NBA 台灣
389,足球,運動視界 Sports Vision,追蹤切爾西》英超前四保衛戰 近三戰陣型變革能夠同時優化攻守兩端嗎？ - 足球 | 運動視界 Sports Vision
390,足球,運動視界 Sports Vision,窒礙難行的王者之路？談利物浦近期客場三連敗 - 足球 | 運動視界 Sports Vision
391,籃球,,美媒列湖人簽JR的三大理由：有經驗投籃准，防守完勝Waiters？
392,籃球,NBA 台灣,指導後輩挨批與對手稱兄道弟 詹皇斷然霸氣回嗆 | NBA 台灣
393,棒球,運動視界 Sports Vision,[WIT] 新冠病毒、中職延賽、該不該取消現場觀眾　2020週記之10 - 中職 - 棒球 | 運動視界 Sports Vision
394,籃球,,防守大閘假日哥評最難防守球員：玫瑰爆發力強還會投籃，他已擁有一切技能！
395,籃球,fanpiece,各有千秋？ESPN公佈LeBron James與Zion Williamson在NBA頭十四場的數據比較 | 相信過程 | 籃球地帶 - fanpiece
396,籃球,,湖人目標曝光？悍將為被買斷願放棄75萬美元，但灰狼拒絕成人之美！
397,籃球,NBA 台灣,代班波總收首勝不邀功 鄧肯：我只負責對人吼 | NBA 台灣
398,籃球,,周琦用迷你槓鈴訓練，慘遭31歲書豪完爆，網友：表情誇張了！
399,籃球,運動視界 Sports Vision,鐵血軍團的防守去哪了？熱火正面臨嚴重的防守問題 - NBA - 籃球 | 運動視界 Sports Vision
400,籃球,NBA 台灣,代班波總收首勝不邀功 鄧肯：我只負責對人吼 | NBA 台灣
401,籃球,,周琦用迷你槓鈴訓練，慘遭31歲書豪完爆，網友：表情誇張了！
402,籃球,運動視界 Sports Vision,鐵血軍團的防守去哪了？熱火正面臨嚴重的防守問題 - NBA - 籃球 | 運動視界 Sports Vision
403,籃球,,瘋狂！快艇老闆搞大事？狂砸10億美元，湖人輸得一塌塗地了！
404,籃球,NBA 台灣,調侃柯瑞遭「下放」 柯爾笑言給十日約還要考慮 | NBA 台灣
405,籃球,運動視界 Sports Vision,真的香！Reggie Jackson 讓快艇成買斷市場大贏家 - NBA - 籃球 | 運動視界 Sports Vision
406,棒球,FOX體育臺,【春訓】大聯盟等級投手Verhagen 各種滑球讓Mota傻住了 - 最新體育新聞，即時比分，賽程和戰績 | FOX體育臺
407,籃球,NBA 台灣,「Logo Shot」全場驚艷 詹皇：沒練過的不投 | NBA 台灣
408,棒球,運動視界 Sports Vision,潘威倫好投奠勝基 統一驚險守成奪首勝 - 中職 - 棒球 | 運動視界 Sports Vision
409,籃球,NBA 台灣,怪物新人新挑戰 威廉森連續出賽拚紀錄 | NBA 台灣
410,籃球,FOX體育臺,NBA》AD豪取37分13籃板 湖人主場揚威撂倒76人 - 最新體育新聞，即時比分，賽程和戰績 | FOX體育臺
411,棒球,FOX體育臺,中職》二軍17日開打 賽程暫時公佈至7月5日 - 最新體育新聞，即時比分，賽程和戰績 | FOX體育臺
412,籃球,NBA 台灣,格林換簽約球鞋品牌 韋德後最大咖代言人 | NBA 台灣
413,健身,運動視界 Sports Vision,我跑馬拉鬆，需要重訓嗎？練肌肉不是會變重？ - 健身運動 - 運動生活 | 運動視界 Sports Vision
414,籃球,NBA 台灣,丹東尼靠極端小球拿獎 外媒仍憂季後賽恐踢鐵板 | NBA 台灣
415,棒球,FOX體育臺,日職》宋家豪中繼1局3上3下 樂天熱身賽勝橫濱 - 最新體育新聞，即時比分，賽程和戰績 | FOX體育臺
416,籃球,,Wiggins你變了！勇士15分逆轉金塊，枸杞曼巴再破紀錄，流汗的感覺真的太好了！（影）
417,籃球,,湖人出擊！最後一簽選誰？詹皇經紀人很關鍵，10天合同更穩妥！
418,籃球,,【影片】翻江倒海！胖虎籃下一打四，6秒4連跳打成2+1，嚇得Russell不敢動！
419,籃球,NBA 台灣,腹股溝傷勢缺陣6場 傳里拉德5號有望回歸賽場 | NBA 台灣
420,籃球,fanpiece,被問到希望LaMelo Ball被那支球隊選中，球爸作出回應 | 籃球時刻 | 籃球地帶 - fanpiece
421,籃球,,談到執教馬刺獲首勝，石佛卻很幽默：我只是裝作很懂球的樣子，在場邊大喊大叫！
422,籃球,,詹皇22+7+14！再飆中場三分信心爆炸，一傳一抄截主導勝利！（影）
423,棒球,FOX體育臺,MLB》釀酒人9年逾64億大約 續留前國聯MVP Yelich - 最新體育新聞，即時比分，賽程和戰績 | FOX體育臺
424,籃球,NBA 台灣,戴維斯歸隊單節扭轉戰局 湖人力壓殘陣76人 | NBA 台灣
425,棒球,運動視界 Sports Vision,王正棠代打建功 富邦樂天握手言和 - 中職 - 棒球 | 運動視界 Sports Vision
426,籃球,,19投37+13！一眉復出就攤牌，拼到摔進觀眾席，詹皇為他瘋狂慶祝！（影）
427,籃球,NBA 台灣,戴維斯歸隊單節扭轉戰局 湖人力壓殘陣76人 | NBA 台灣
428,棒球,運動視界 Sports Vision,王正棠代打建功 富邦樂天握手言和 - 中職 - 棒球 | 運動視界 Sports Vision
429,籃球,,19投37+13！一眉復出就攤牌，拼到摔進觀眾席，詹皇為他瘋狂慶祝！（影）
430,籃球,107輕取76人取連勝（影）,完成復仇！一眉哥37+13，詹姆斯22+14，湖人120-107輕取76人取連勝（影）
431,籃球,NBA 台灣,鵜鶘防守潰堤不敵灰狼 威廉森紀錄之夜成空 | NBA 台灣
432,籃球,,去你的寒冰射手！51秒連中3記三分，勇士Poole綻放芬芳，今夜他是Curry！（影）
433,籃球,FOX體育臺,籃球》憂武漢肺炎疫情 非洲聯盟延後開打 - 最新體育新聞，即時比分，賽程和戰績 | FOX體育臺
434,籃球,,末節+延長賽狂轟37分！LeVert狂轟51分創生涯新高，扮演救世主客勝綠軍！（影）
435,棒球,運動視界 Sports Vision,一份遠低於市場價值的延長合約，為什麼卻是Christian Yelich與釀酒人的雙贏？ - MLB - 棒球 | 運動視界 Sports Vision
436,籃球,NBA 台灣,搶勝準備迎接柯瑞回歸 勇士作客丹佛暴冷碎金塊 | NBA 台灣
437,籃球,,【影片】勇氣可嘉！96公斤後衛造129公斤胖虎進攻犯規，被「人肉坦克」直接撞飛出界外！
438,籃球,,【影片】打瘋了！一眉哥半場砍下26分7板3抄截，湖人單節狂勝18分，76人徹底懵了！
439,籃球,fanpiece,Jrue Holiday透露巔峯時的Derrick Rose是如何難以防守 | 籃球時刻 | 籃球地帶 - fanpiece
440,籃球,NBA 台灣,勒佛特猛轟新高51分 籃網戲劇化逆轉綠衫軍 | NBA 台灣
441,籃球,,【影片】勇氣可嘉！96公斤後衛造129公斤胖虎進攻犯規，被「人肉坦克」直接撞飛出界外！
442,籃球,,【影片】打瘋了！一眉哥半場砍下26分7板3抄截，湖人單節狂勝18分，76人徹底懵了！
443,籃球,fanpiece,Jrue Holiday透露巔峯時的Derrick Rose是如何難以防守 | 籃球時刻 | 籃球地帶 - fanpiece
444,籃球,NBA 台灣,勒佛特猛轟新高51分 籃網戲劇化逆轉綠衫軍 | NBA 台灣
445,籃球,NBA 台灣,威廉森首獲單月最佳新秀 商品銷售量衝聯盟前5 | NBA 台灣
446,籃球,,43歲鄧肯首次出任主帥顯才能，創造17分大逆轉險勝，他讓20歲菜鳥變奇兵！（影）
447,籃球,NBA 台灣,鄧肯代班波總上位 馬刺險勝黃蜂挺老大哥 | NBA 台灣
448,籃球,,2月最佳球員出爐！詹姆斯40次當選刷新紀錄，Tatum打破字母哥的「壟斷」！
449,籃球,運動視界 Sports Vision,王身邊的男人！Danny Green如何成為超級球星身邊最給力的綠葉 - NBA - 籃球 | 運動視界 Sports Vision
450,籃球,,火箭出手簽28歲神槍？湖人送大禮，美媒：3原因幫助雙MVP衝冠！
451,籃球,fanpiece,(飛太遠) Josh Okogie成功製造Zion Williamson的進攻犯規，但自己被撞到飛出場外 | 相信過程 | 籃球地帶 - fanpiece
452,籃球,NBA 台灣,柯瑞6日復出戰暴龍 勇士主帥：機率很高 | NBA 台灣
453,籃球,,二球3年內拿NBA得分王，鵜鶘季後賽將掀翻湖人，球爹這波預測太瘋狂！
454,棒球,,MLB》提武漢肺炎防範建議 暫未更動賽事時間
455,棒球,FOX體育臺,MLB》腿部不適 林子偉春訓提前傷退 - 最新體育新聞，即時比分，賽程和戰績 | FOX體育臺
456,籃球,NBA 台灣,2月東西區最佳球員 詹皇、泰托姆各自閃耀 | NBA 台灣
457,籃球,fanpiece,Jaylen Brown在比賽中做出360度灌籃 | 相信過程 | 籃球地帶 - fanpiece
458,籃球,,2月最佳新秀出爐！胖虎終結莫蘭特三連霸，Coby場均20+當選，兩人均是首次獲獎！
459,籃球,,34000分我來了！詹姆斯一戰有望衝擊兩大里程碑，同天超越郵差和Kobe？
460,籃球,,18.5億美元！又一支NBA球隊被曝出售，最新市值排名第12位！
461,籃球,fanpiece,Jaylen Brown在比賽中做出360度灌籃 | 相信過程 | 籃球地帶 - fanpiece
462,籃球,,2月最佳新秀出爐！胖虎終結莫蘭特三連霸，Coby場均20+當選，兩人均是首次獲獎！
463,籃球,,34000分我來了！詹姆斯一戰有望衝擊兩大里程碑，同天超越郵差和Kobe？
464,籃球,,18.5億美元！又一支NBA球隊被曝出售，最新市值排名第12位！
465,籃球,運動視界 Sports Vision,2019-20 NBA中央組3/4球季戰報：歸來的少主 - NBA - 籃球 | 運動視界 Sports Vision
466,籃球,,15分鐘喬丹！隊魂級別的在場數據，他才是湖人真正的秘密武器？
467,籃球,,Barnes的前妻有多美？身材堪比卡戴珊，怪不得Fisher會情不自禁！
468,籃球,,聯盟歷史從未大傷的球星有誰？邮差馬龍上榜，一人16年只歇9場！
469,籃球,,同樣是中鋒，為何姚明罰球那麼準？這兩個小技巧，讓命中率突飛猛進！
470,籃球,,圖看NBA辣眼睛的入場造型：KD一身民工搭配，1人把泡麵桶當帽子？
471,棒球,FOX體育臺,MLB》黃暐傑1局無失分救援成功 朱立人2打數無安打 - 最新體育新聞，即時比分，賽程和戰績 | FOX體育臺
472,籃球,NBA 台灣,尼克探花繳代表作退火箭 哈登也喊讚 | NBA 台灣
473,籃球,,JR：只對熟人使解鞋帶這招，G1以為搶下籃板就行了，打橄欖球比籃球還強！
474,籃球,fanpiece,"[NBA一週回顧] 巨人甦醒, 溜馬鵜鶘再度損兵折將, 待業球員出路 | 圓球視野 | 籃球地帶 - fanpiece"
475,棒球,FOX體育臺,MLB》林子偉替補上場敲二壘打 熱身賽打擊率4成12 - 最新體育新聞，即時比分，賽程和戰績 | FOX體育臺
476,籃球,NBA 台灣,賽後與楊恩互換球衣 莫蘭特：研讀他的比賽 | NBA 台灣
477,籃球,fanpiece,【和Zion Williamson說悄悄話 James：分享經驗是我的責任】 | 04看世界 | 籃球地帶 - fanpiece
478,籃球,NBA 台灣,太座被NBA菜鳥喊阿姨 詹皇回應她永遠剛滿21 | NBA 台灣
479,棒球,,日職》王柏融官辦熱身賽安打率3成3 吳念庭代跑獲保送
480,籃球,NBA 台灣,至發展聯盟練球受關注 柯瑞親民作風獲好評 | NBA 台灣
481,籃球,,Kobe為何不上大學？只因不想錯過與神的巔峰對決！
482,籃球,fanpiece,公牛主教練Jim Bolyen在自家球員快將完成進攻時叫暫停，Luka Doncic露出微笑 | 籃球時刻 | 籃球地帶 - fanpiece
483,籃球,fanpiece,【Robinson補足出賽數 有望挑戰上古神獸歷史命中率紀錄】 | 04看世界 | 籃球地帶 - fanpiece
484,籃球,聯合新聞網：最懂你的新聞網站,UBA／戴宜庭飆分 文化退衛冕軍躲過3連敗 | 聯合新聞網：最懂你的新聞網站
485,籃球,NBA 台灣,太座被NBA菜鳥喊阿姨 詹皇回應她永遠剛滿21 | NBA 台灣
486,棒球,,日職》王柏融官辦熱身賽安打率3成3 吳念庭代跑獲保送
487,籃球,NBA 台灣,至發展聯盟練球受關注 柯瑞親民作風獲好評 | NBA 台灣
488,籃球,,Kobe為何不上大學？只因不想錯過與神的巔峰對決！
489,籃球,fanpiece,公牛主教練Jim Bolyen在自家球員快將完成進攻時叫暫停，Luka Doncic露出微笑 | 籃球時刻 | 籃球地帶 - fanpiece
490,籃球,fanpiece,【Robinson補足出賽數 有望挑戰上古神獸歷史命中率紀錄】 | 04看世界 | 籃球地帶 - fanpiece
491,籃球,聯合新聞網：最懂你的新聞網站,UBA／戴宜庭飆分 文化退衛冕軍躲過3連敗 | 聯合新聞網：最懂你的新聞網站
492,棒球,FOX體育臺,【春訓】逮中首球 王柏融首打席就敲穿越安打 - 最新體育新聞，即時比分，賽程和戰績 | FOX體育臺
493,籃球,fanpiece,看見年輕的自己 ? 玫瑰盛讚Morant ! | 懂個籃 | 籃球地帶 - fanpiece
494,籃球,fanpiece,五位無球可打但球迷都很希望他們回歸的老將 (上) | 男籃天空高掛我的夢 | 籃球地帶 - fanpiece
495,棒球,FOX體育臺,【大聯盟小百科】規則四選秀／六月業餘選秀（Rule 4 Draft） - 最新體育新聞，即時比分，賽程和戰績 | FOX體育臺
496,籃球,fanpiece,Mario Hezonja捉住裁判的手阻止吹隊友McCollum技犯，網友：想看Green做同一樣的動作 | 相信過程 | 籃球地帶 - fanpiece
497,籃球,fanpiece,【一代傳奇】 Vince Carter 超越 Jason Terry 躋身歷史三分球命中數第六位！ | 籃球隨筆 | 籃球地帶 - fanpiece
498,籃球,FOX體育臺,NBA》武漢肺炎防疫備忘錄 球星球迷互動有撇步 - 最新體育新聞，即時比分，賽程和戰績 | FOX體育臺
499,籃球,fanpiece,Zion Williamson與McGee交換球衣只給了McGee球衣便離開，片段於Twitter瘋傳 | 籃球時刻 | 籃球地帶 - fanpiece
